{
  "name": "menu-lib",
  "title": "Menu Lib",
  "description": "提供一些简单易用的自定义界面功能。",
  "version": "0.1.0",
  "author": "EternalRider",
  "dependencies": [
    {
      "type": "module",
      "name": "sequencer",
      "manifest": "https://github.com/fantasycalendar/FoundryVTT-Sequencer/releases/latest/download/module.json"
    },
    {
      "type": "module",
      "name": "socketlib",
      "manifest": "https://raw.githubusercontent.com/manuelVo/foundryvtt-socketlib/master/module.json"
    }
  ],
  "socket": true,
  "esmodules": [
    "./scripts/init.js"
  ],
  "scripts": [],
  "styles": [
    "./styles/module.css"
  ],
  "packs": [],
  "url": "https://github.com/fvtt-cn/menu-lib",
  "minimumCoreVersion": "11",
  "compatibleCoreVersion": "12",
  "manifest": "https://github.com/fvtt-cn/menu-lib/releases/download/0.1.0/module.json",
  "download": "https://github.com/fvtt-cn/menu-lib/releases/download/0.1.0/menu-lib.zip"
}